{
    "swagger": "2.0",
    "info": {
        "description": "This is a sample server celler server.",
        "title": "Swagger Example API",
        "termsOfService": "http://swagger.io/terms/",
        "contact": {
            "name": "API Support",
            "url": "http://www.swagger.io/support",
            "email": "support@swagger.io"
        },
        "license": {
            "name": "Apache 2.0",
            "url": "http://www.apache.org/licenses/LICENSE-2.0.html"
        },
        "version": "3.0"
    },
    "host": "localhost:1001",
    "paths": {
        "/db.example": {
            "get": {
                "security": [
                    {
                        "Token-A": []
                    }
                ],
                "description": "Тестовый метод.",
                "consumes": [
                    "application/json"
                ],
                "produces": [
                    "application/json"
                ],
                "tags": [
                    "Example"
                ],
                "summary": "DBExample Тестовый метод.",
                "parameters": [
                    {
                        "type": "string",
                        "description": "_",
                        "name": "string",
                        "in": "query"
                    }
                ],
                "responses": {
                    "200": {
                        "description": "OK",
                        "schema": {
                            "$ref": "#/definitions/response.ReDataModel"
                        }
                    },
                    "400": {
                        "description": "err_code：_ - _； err_code：_ - _",
                        "schema": {
                            "$ref": "#/definitions/response.ReDataModel"
                        }
                    }
                }
            }
        }
    },
    "definitions": {
        "response.ReDataModel": {
            "type": "object",
            "properties": {
                "data": {},
                "error": {},
                "status": {
                    "type": "string"
                }
            }
        }
    },
    "securityDefinitions": {
        "Token-A": {
            "type": "apiKey",
            "name": "Token-A",
            "in": "header"
        }
    }
}